rank,donor_j,donor_label_index,donor_label,donor_original_stl10_test_index,relmeaserr_uij_vs_yi,relmeaserr_xi_vs_yi,relmeaserr_xj_vs_yi,psnr_uij_vs_xi_clipped,uij_min,uij_max,clip_penalty_mean,range_penalty,quality_match_score,image
1,1902,4,deer,4941,2.664324425635587e-15,0.005359381186274673,0.8653635507465225,8.527575549769471,0.007822282735479635,0.9864345892715631,0.0,0.0,0.008966935279919642,/mnt/e/ns_mc_gan_gi_code/paper/figures/feasible_wrong_candidate_pool/candidates/rank001_u_i1789_j1902_deer_clipped.png
2,874,4,deer,7692,2.697821241596014e-15,0.005359381186274673,0.9471709375389925,8.450159857130691,0.03368306553331413,0.997431562394371,0.0,0.0,0.02089019733818586,/mnt/e/ns_mc_gan_gi_code/paper/figures/feasible_wrong_candidate_pool/candidates/rank002_u_i1789_j874_deer_clipped.png
3,777,4,deer,477,2.7095847809535306e-15,0.005359381186274673,0.8633846743717425,8.713288850603767,0.1008907980037623,0.9983503767977452,0.0,0.0,0.06116454715100051,/mnt/e/ns_mc_gan_gi_code/paper/figures/feasible_wrong_candidate_pool/candidates/rank003_u_i1789_j777_deer_clipped.png
4,1450,4,deer,5322,3.1575960021808614e-15,0.005359381186274673,0.9470099341615589,8.250203331153275,0.006346341051335025,0.9850355385206653,0.0,0.0,0.07686192427411913,/mnt/e/ns_mc_gan_gi_code/paper/figures/feasible_wrong_candidate_pool/candidates/rank004_u_i1789_j1450_deer_clipped.png
5,1890,0,airplane,741,2.646282530737039e-15,0.005359381186274673,0.856304636432332,8.992037674268035,0.07264141568790833,0.9645615716672079,0.0,0.0,0.1399222215709365,/mnt/e/ns_mc_gan_gi_code/paper/figures/feasible_wrong_candidate_pool/candidates/rank005_u_i1789_j1890_airplane_clipped.png
6,1529,4,deer,7231,2.523161150349582e-15,0.005359381186274673,0.8604494874245463,9.104822469698929,0.06562046194946924,0.9156289256033608,0.0,0.0,0.17108747919236542,/mnt/e/ns_mc_gan_gi_code/paper/figures/feasible_wrong_candidate_pool/candidates/rank006_u_i1789_j1529_deer_clipped.png
7,305,4,deer,5362,2.43698015584308e-15,0.005359381186274673,0.8556670970140909,9.145414815679594,0.07275388875909491,0.9719178774427109,0.0,0.0,0.1829315751079971,/mnt/e/ns_mc_gan_gi_code/paper/figures/feasible_wrong_candidate_pool/candidates/rank007_u_i1789_j305_deer_clipped.png
8,1143,4,deer,3722,2.5662816451786364e-15,0.005359381186274673,0.8377820598657347,9.234398876448143,0.09608268330582881,0.9599750759604375,0.0,0.0,0.2096356158380265,/mnt/e/ns_mc_gan_gi_code/paper/figures/feasible_wrong_candidate_pool/candidates/rank008_u_i1789_j1143_deer_clipped.png
9,1397,4,deer,2280,2.215251151310329e-15,0.005359381186274673,0.8035023014596806,9.24421253649269,0.023329741086716815,0.9744656402294524,0.0,0.0,0.2158114164911049,/mnt/e/ns_mc_gan_gi_code/paper/figures/feasible_wrong_candidate_pool/candidates/rank009_u_i1789_j1397_deer_clipped.png
10,602,1,bird,3692,2.7943160418335265e-15,0.005359381186274673,0.9010792782627024,8.789911436501708,0.11216098252249779,1.012337674151836,3.0121274784755746e-06,0.012337674151835953,0.2274788115853168,/mnt/e/ns_mc_gan_gi_code/paper/figures/feasible_wrong_candidate_pool/candidates/rank010_u_i1789_j602_bird_clipped.png
11,1947,3,cat,6324,2.4235698991210595e-15,0.005359381186274673,0.7855457541030691,9.176681085398874,-0.0030900566338223634,0.9297766743117406,7.544083578667879e-07,0.0030900566338223634,0.2358694735293101,/mnt/e/ns_mc_gan_gi_code/paper/figures/feasible_wrong_candidate_pool/candidates/rank011_u_i1789_j1947_cat_clipped.png
12,98,0,airplane,4893,2.4128480298440904e-15,0.005359381186274673,0.833312863459181,9.331571627844976,0.056329929654256955,0.9911051353018073,0.0,0.0,0.23729090586979518,/mnt/e/ns_mc_gan_gi_code/paper/figures/feasible_wrong_candidate_pool/candidates/rank012_u_i1789_j98_airplane_clipped.png
13,7,4,deer,7189,2.024703481452881e-15,0.005359381186274673,0.8224105880599618,9.248065530613834,-0.002231881694557847,0.9594892691401893,5.448929918354118e-07,0.002231881694557847,0.24184739367871172,/mnt/e/ns_mc_gan_gi_code/paper/figures/feasible_wrong_candidate_pool/candidates/rank013_u_i1789_j7_deer_clipped.png
14,1144,4,deer,3348,2.2995489239134367e-15,0.005359381186274673,0.8535997244760262,9.04739822688725,0.10220177227291138,1.008679750068721,2.1190796066213415e-06,0.008679750068721015,0.26010495787739396,/mnt/e/ns_mc_gan_gi_code/paper/figures/feasible_wrong_candidate_pool/candidates/rank014_u_i1789_j1144_deer_clipped.png
15,713,4,deer,5098,2.3913580826928605e-15,0.005359381186274673,0.7885382282464619,9.443346566972842,0.0871233400499816,0.9641539466042625,0.0,0.0,0.2730653523468695,/mnt/e/ns_mc_gan_gi_code/paper/figures/feasible_wrong_candidate_pool/candidates/rank015_u_i1789_j713_deer_clipped.png
16,1795,4,deer,7766,2.581620926211325e-15,0.005359381186274673,0.8488311697297637,9.521667858390273,0.032794375383788515,0.9755380245487381,0.0,0.0,0.2889660197954201,/mnt/e/ns_mc_gan_gi_code/paper/figures/feasible_wrong_candidate_pool/candidates/rank016_u_i1789_j1795_deer_clipped.png
17,53,5,dog,1250,2.4118687812642665e-15,0.005359381186274673,0.7805859596074658,9.507937203710835,0.005020448613925754,0.9974402021451935,0.0,0.0,0.29194595749740715,/mnt/e/ns_mc_gan_gi_code/paper/figures/feasible_wrong_candidate_pool/candidates/rank017_u_i1789_j53_dog_clipped.png
18,976,1,bird,5834,2.5133654453266536e-15,0.005359381186274673,0.811639173798007,9.52276771960523,0.0003827179599680819,0.9753320638867504,0.0,0.0,0.29299318052878376,/mnt/e/ns_mc_gan_gi_code/paper/figures/feasible_wrong_candidate_pool/candidates/rank018_u_i1789_j976_bird_clipped.png
19,612,7,monkey,63,2.5226977176217975e-15,0.005359381186274673,0.8246644497344379,9.560205714636096,0.0009065884220715859,0.979360985148186,0.0,0.0,0.30217329154378303,/mnt/e/ns_mc_gan_gi_code/paper/figures/feasible_wrong_candidate_pool/candidates/rank019_u_i1789_j612_monkey_clipped.png
20,797,7,monkey,6254,2.469611610596093e-15,0.005359381186274673,0.8289709080826934,9.562414350796853,0.021500995758066105,0.9920685608510811,0.0,0.0,0.30236106383396955,/mnt/e/ns_mc_gan_gi_code/paper/figures/feasible_wrong_candidate_pool/candidates/rank020_u_i1789_j797_monkey_clipped.png
21,559,4,deer,3481,2.337155457043741e-15,0.005359381186274673,0.8593135413677673,9.171517941940635,0.04874206708221726,1.0096216617565974,2.349038514794287e-06,0.0096216617565974,0.3056176317266652,/mnt/e/ns_mc_gan_gi_code/paper/figures/feasible_wrong_candidate_pool/candidates/rank021_u_i1789_j559_deer_clipped.png
22,317,3,cat,7967,2.390651751507288e-15,0.005359381186274673,0.820636710201815,9.003712654660742,-0.013873271311895141,0.9598465839925177,5.909245130517759e-06,0.013873271311895141,0.3139463738623499,/mnt/e/ns_mc_gan_gi_code/paper/figures/feasible_wrong_candidate_pool/candidates/rank022_u_i1789_j317_cat_clipped.png
23,154,7,monkey,3341,2.5746184957283615e-15,0.005359381186274673,0.895123869759566,8.74846624593009,0.002844550515813893,1.0208587262679862,5.092462467770078e-06,0.02085872626798624,0.31875610901555557,/mnt/e/ns_mc_gan_gi_code/paper/figures/feasible_wrong_candidate_pool/candidates/rank023_u_i1789_j154_monkey_clipped.png
24,1504,4,deer,2548,2.4843552226649193e-15,0.005359381186274673,0.7991037421928155,9.694008444346306,0.12408806820905938,0.8625351074169686,0.0,0.0,0.34219412661680393,/mnt/e/ns_mc_gan_gi_code/paper/figures/feasible_wrong_candidate_pool/candidates/rank024_u_i1789_j1504_deer_clipped.png
25,41,7,monkey,1101,2.448870781221111e-15,0.005359381186274673,0.7565776581848752,9.697773144735994,0.00916359618394888,0.9914425305625068,0.0,0.0,0.34750085112671064,/mnt/e/ns_mc_gan_gi_code/paper/figures/feasible_wrong_candidate_pool/candidates/rank025_u_i1789_j41_monkey_clipped.png
26,726,4,deer,4402,2.2809058750088863e-15,0.005359381186274673,0.7960793773189891,9.335952343145879,-0.010044404376871985,0.9916823391325361,4.181690561641273e-06,0.010044404376871985,0.3632755101579278,/mnt/e/ns_mc_gan_gi_code/paper/figures/feasible_wrong_candidate_pool/candidates/rank026_u_i1789_j726_deer_clipped.png
27,1367,0,airplane,4258,2.489430258450452e-15,0.005359381186274673,0.7766272365373568,9.765614789643859,0.0426893309865472,0.986792044623401,0.0,0.0,0.36449155386566473,/mnt/e/ns_mc_gan_gi_code/paper/figures/feasible_wrong_candidate_pool/candidates/rank027_u_i1789_j1367_airplane_clipped.png
28,999,1,bird,3079,2.289323657285176e-15,0.005359381186274673,0.7704847473796664,9.79638722241917,0.02097528412528908,0.994876519008874,0.0,0.0,0.37372208395852097,/mnt/e/ns_mc_gan_gi_code/paper/figures/feasible_wrong_candidate_pool/candidates/rank028_u_i1789_j999_bird_clipped.png
29,1296,5,dog,6307,2.668169865047261e-15,0.005359381186274673,0.8050009205655401,9.879195299303232,0.02703319683995764,0.976728613640029,0.0,0.0,0.39345672816747096,/mnt/e/ns_mc_gan_gi_code/paper/figures/feasible_wrong_candidate_pool/candidates/rank029_u_i1789_j1296_dog_clipped.png
30,536,5,dog,7517,2.287140498334491e-15,0.005359381186274673,0.7528406977055794,9.972031048445025,0.05143555264968022,0.8587083253289849,0.0,0.0,0.42466676021316907,/mnt/e/ns_mc_gan_gi_code/paper/figures/feasible_wrong_candidate_pool/candidates/rank030_u_i1789_j536_dog_clipped.png
31,1050,8,ship,2749,2.4097659756784954e-15,0.005359381186274673,0.7747729411202655,9.783194739874135,-0.005474658302543317,0.8877396692942039,1.3365864996443645e-06,0.005474658302543317,0.43545565948232834,/mnt/e/ns_mc_gan_gi_code/paper/figures/feasible_wrong_candidate_pool/candidates/rank031_u_i1789_j1050_ship_clipped.png
32,233,5,dog,6093,2.641506502719573e-15,0.005359381186274673,0.7753630732503006,10.03387700318613,-5.454256675314906e-05,0.9765898516811939,1.3316056336218032e-08,5.454256675314906e-05,0.4403874987140047,/mnt/e/ns_mc_gan_gi_code/paper/figures/feasible_wrong_candidate_pool/candidates/rank032_u_i1789_j233_dog_clipped.png
33,187,0,airplane,712,2.6731917603673288e-15,0.005359381186274673,0.8714367963199525,8.823029294491898,0.07898482980352214,1.0305087327478224,7.448421081011328e-06,0.030508732747822398,0.45808526274844613,/mnt/e/ns_mc_gan_gi_code/paper/figures/feasible_wrong_candidate_pool/candidates/rank033_u_i1789_j187_airplane_clipped.png
34,274,7,monkey,7030,2.3504491553211046e-15,0.005359381186274673,0.8024420515542173,10.125796553355828,0.012592746226524343,0.9823104297124107,0.0,0.0,0.46276096620333007,/mnt/e/ns_mc_gan_gi_code/paper/figures/feasible_wrong_candidate_pool/candidates/rank034_u_i1789_j274_monkey_clipped.png
35,985,7,monkey,2161,2.406494362905538e-15,0.005359381186274673,0.7619924397144908,10.116766736201681,0.01371175520549725,0.9297393966952583,0.0,0.0,0.46427757858414154,/mnt/e/ns_mc_gan_gi_code/paper/figures/feasible_wrong_candidate_pool/candidates/rank035_u_i1789_j985_monkey_clipped.png
36,1631,8,ship,2191,2.5365228023911995e-15,0.005359381186274673,0.7674661975068394,10.095593294371524,-0.002189487782511962,0.9707728326611001,5.345429156523344e-07,0.002189487782511962,0.48413963763248447,/mnt/e/ns_mc_gan_gi_code/paper/figures/feasible_wrong_candidate_pool/candidates/rank036_u_i1789_j1631_ship_clipped.png
37,679,0,airplane,5067,2.8266855818111507e-15,0.005359381186274673,0.8806590322183505,8.883442923766621,-0.03134708602465136,0.9806308876434426,1.241624188465872e-05,0.03134708602465136,0.48473523317391415,/mnt/e/ns_mc_gan_gi_code/paper/figures/feasible_wrong_candidate_pool/candidates/rank037_u_i1789_j679_airplane_clipped.png
38,1490,4,deer,3034,2.46050740139418e-15,0.005359381186274673,0.7533396220866725,10.228417151030778,0.16248884149436432,0.9767164071293755,0.0,0.0,0.4964049764990704,/mnt/e/ns_mc_gan_gi_code/paper/figures/feasible_wrong_candidate_pool/candidates/rank038_u_i1789_j1490_deer_clipped.png
39,105,4,deer,7244,2.0956684182740716e-15,0.005359381186274673,0.7085150677285121,10.235661777280791,0.06124275773816751,0.9259166144604017,0.0,0.0,0.5029159272848902,/mnt/e/ns_mc_gan_gi_code/paper/figures/feasible_wrong_candidate_pool/candidates/rank039_u_i1789_j105_deer_clipped.png
40,1235,3,cat,748,2.682673160435395e-15,0.005359381186274673,0.8830822176643853,9.142569505695935,-0.02725388947170601,0.9987854121898996,8.512321215932958e-06,0.02725388947170601,0.5074615284539272,/mnt/e/ns_mc_gan_gi_code/paper/figures/feasible_wrong_candidate_pool/candidates/rank040_u_i1789_j1235_cat_clipped.png
41,1787,4,deer,965,2.455955949164816e-15,0.005359381186274673,0.7919162285774007,9.323789084314344,-0.02262715695079487,0.9354840862869117,9.968973131734974e-06,0.02262715695079487,0.5119736173547427,/mnt/e/ns_mc_gan_gi_code/paper/figures/feasible_wrong_candidate_pool/candidates/rank041_u_i1789_j1787_deer_clipped.png
42,1754,1,bird,3548,2.0909708215812732e-15,0.005359381186274673,0.7349949305760844,10.283572446053256,0.022766023889699588,0.9341662939971853,0.0,0.0,0.5136829282564231,/mnt/e/ns_mc_gan_gi_code/paper/figures/feasible_wrong_candidate_pool/candidates/rank042_u_i1789_j1754_bird_clipped.png
43,1556,1,bird,7033,2.2501213635853717e-15,0.005359381186274673,0.7789759972760273,9.390850579596977,-0.016013799578517396,1.0053563477576266,5.217321126988283e-06,0.021370147336144008,0.5163905455476374,/mnt/e/ns_mc_gan_gi_code/paper/figures/feasible_wrong_candidate_pool/candidates/rank043_u_i1789_j1556_bird_clipped.png
44,1518,4,deer,4935,2.02208479323473e-15,0.005359381186274673,0.690084208049603,10.330533062221914,0.022171413380283778,0.8412441228530085,0.0,0.0,0.5313229730362955,/mnt/e/ns_mc_gan_gi_code/paper/figures/feasible_wrong_candidate_pool/candidates/rank044_u_i1789_j1518_deer_clipped.png
45,505,0,airplane,7635,2.4778657664031857e-15,0.005359381186274673,0.8101312842207672,9.555498086901519,0.08852252209082856,1.0190479810690913,5.973682904311542e-06,0.019047981069091335,0.531601087107082,/mnt/e/ns_mc_gan_gi_code/paper/figures/feasible_wrong_candidate_pool/candidates/rank045_u_i1789_j505_airplane_clipped.png
46,15,3,cat,2362,2.582247186053475e-15,0.005359381186274673,0.7634684968754648,9.874510746097938,-0.01129367550938365,0.9536939936161004,3.358137672616658e-06,0.01129367550938365,0.5322253782723139,/mnt/e/ns_mc_gan_gi_code/paper/figures/feasible_wrong_candidate_pool/candidates/rank046_u_i1789_j15_cat_clipped.png
47,504,4,deer,1266,2.2500032650309286e-15,0.005359381186274673,0.7242774563276216,10.347591055458935,0.07792220057681942,0.8492236982400201,0.0,0.0,0.5326798863148595,/mnt/e/ns_mc_gan_gi_code/paper/figures/feasible_wrong_candidate_pool/candidates/rank047_u_i1789_j504_deer_clipped.png
48,145,6,horse,4811,2.3515080123812746e-15,0.005359381186274673,0.7296883268513576,10.367123858083968,0.023266729947820253,0.9470704906422175,0.0,0.0,0.5376079839974951,/mnt/e/ns_mc_gan_gi_code/paper/figures/feasible_wrong_candidate_pool/candidates/rank048_u_i1789_j145_horse_clipped.png
49,1378,0,airplane,551,2.5268117090795912e-15,0.005359381186274673,0.7131451794498322,10.376821022800865,0.09435797583327721,0.8095739682519347,0.0,0.0,0.5419775048583788,/mnt/e/ns_mc_gan_gi_code/paper/figures/feasible_wrong_candidate_pool/candidates/rank049_u_i1789_j1378_airplane_clipped.png
50,1653,0,airplane,4677,2.297246163236533e-15,0.005359381186274673,0.706106138060013,10.375996685300192,0.0022254566120011865,0.8402914967863278,0.0,0.0,0.5424505944971725,/mnt/e/ns_mc_gan_gi_code/paper/figures/feasible_wrong_candidate_pool/candidates/rank050_u_i1789_j1653_airplane_clipped.png
51,1170,7,monkey,6132,2.0990122987371798e-15,0.005359381186274673,0.6961320941297492,10.346189377321757,-0.0008000715584398632,0.946910525800004,1.9532997032223223e-07,0.0008000715584398632,0.544726250953954,/mnt/e/ns_mc_gan_gi_code/paper/figures/feasible_wrong_candidate_pool/candidates/rank051_u_i1789_j1170_monkey_clipped.png
52,760,4,deer,6507,2.5630763334495816e-15,0.005359381186274673,0.8432723533965412,9.033152479100634,0.0077922713425450235,1.0325347968530112,2.7842641549408144e-05,0.032534796853011194,0.5464962744497066,/mnt/e/ns_mc_gan_gi_code/paper/figures/feasible_wrong_candidate_pool/candidates/rank052_u_i1789_j760_deer_clipped.png
53,294,4,deer,6288,2.196852130067101e-15,0.005359381186274673,0.706666327334475,10.413353144253898,0.0026891305211453886,0.8909865093927228,0.0,0.0,0.552854384076764,/mnt/e/ns_mc_gan_gi_code/paper/figures/feasible_wrong_candidate_pool/candidates/rank053_u_i1789_j294_deer_clipped.png
54,603,4,deer,7442,2.126400351160832e-15,0.005359381186274673,0.6924784848200081,10.422127706788448,0.1077204098139517,0.7982075154300428,0.0,0.0,0.5567300458378845,/mnt/e/ns_mc_gan_gi_code/paper/figures/feasible_wrong_candidate_pool/candidates/rank054_u_i1789_j603_deer_clipped.png
55,1185,4,deer,3351,2.135483023545741e-15,0.005359381186274673,0.6950540075335037,10.442661244097435,0.02759978850639283,0.8685879326789978,0.0,0.0,0.5622218840130514,/mnt/e/ns_mc_gan_gi_code/paper/figures/feasible_wrong_candidate_pool/candidates/rank055_u_i1789_j1185_deer_clipped.png
56,260,3,cat,651,1.957282321318116e-15,0.005359381186274673,0.6709349789169405,10.468168995385096,0.02072344594132358,0.8358062073312893,0.0,0.0,0.5717759572352527,/mnt/e/ns_mc_gan_gi_code/paper/figures/feasible_wrong_candidate_pool/candidates/rank056_u_i1789_j260_cat_clipped.png
57,1953,1,bird,3172,2.5362328068841916e-15,0.005359381186274673,0.8319060770752048,9.6648251522029,-0.020486634941889875,0.9332754774511716,2.3939444578142362e-05,0.020486634941889875,0.5794549239804669,/mnt/e/ns_mc_gan_gi_code/paper/figures/feasible_wrong_candidate_pool/candidates/rank057_u_i1789_j1953_bird_clipped.png
58,462,1,bird,6255,2.1934541821813146e-15,0.005359381186274673,0.6998729726933056,10.512826601118569,0.020601058036866876,0.8141259823607179,0.0,0.0,0.5813862874629886,/mnt/e/ns_mc_gan_gi_code/paper/figures/feasible_wrong_candidate_pool/candidates/rank058_u_i1789_j462_bird_clipped.png
59,1622,8,ship,6274,2.3262585107711643e-15,0.005359381186274673,0.6865377968220526,10.523686244132016,0.022810237704400604,0.9725459874204245,0.0,0.0,0.5857605050938791,/mnt/e/ns_mc_gan_gi_code/paper/figures/feasible_wrong_candidate_pool/candidates/rank059_u_i1789_j1622_ship_clipped.png
60,704,5,dog,5139,2.378821488815366e-15,0.005359381186274673,0.7420711265324268,9.814864138218105,-0.017400552248166556,0.873581565826491,4.248181701212538e-06,0.017400552248166556,0.591053391249091,/mnt/e/ns_mc_gan_gi_code/paper/figures/feasible_wrong_candidate_pool/candidates/rank060_u_i1789_j704_dog_clipped.png
61,1229,1,bird,7388,2.4350363365539985e-15,0.005359381186274673,0.7047949732911332,10.551699250441802,0.01800881726245039,0.8075761748178819,0.0,0.0,0.591778429213711,/mnt/e/ns_mc_gan_gi_code/paper/figures/feasible_wrong_candidate_pool/candidates/rank061_u_i1789_j1229_bird_clipped.png
62,1096,4,deer,5314,2.034079656839703e-15,0.005359381186274673,0.6861877519493936,10.548413724887968,0.03399039373103496,0.8304335687341772,0.0,0.0,0.5927192041928118,/mnt/e/ns_mc_gan_gi_code/paper/figures/feasible_wrong_candidate_pool/candidates/rank062_u_i1789_j1096_deer_clipped.png
63,54,5,dog,1677,2.7345484531154177e-15,0.005359381186274673,0.7930579046447498,9.34867993275716,-0.01124534168934671,1.017590656559006,7.589283066224538e-06,0.028835998248352757,0.5930494200748295,/mnt/e/ns_mc_gan_gi_code/paper/figures/feasible_wrong_candidate_pool/candidates/rank063_u_i1789_j54_dog_clipped.png
64,676,4,deer,6079,2.2872031787377133e-15,0.005359381186274673,0.7567636460609528,9.806696522484662,-0.017967301859105132,0.981200010862809,1.3945678077187367e-05,0.017967301859105132,0.5952619017872541,/mnt/e/ns_mc_gan_gi_code/paper/figures/feasible_wrong_candidate_pool/candidates/rank064_u_i1789_j676_deer_clipped.png
65,850,4,deer,5574,2.1052969871201894e-15,0.005359381186274673,0.7207043250483393,9.914777007212088,-0.015373276487261611,0.9664389939967006,3.7532413298978543e-06,0.015373276487261611,0.5967789727403976,/mnt/e/ns_mc_gan_gi_code/paper/figures/feasible_wrong_candidate_pool/candidates/rank065_u_i1789_j850_deer_clipped.png
66,1924,4,deer,3325,2.1751705220635068e-15,0.005359381186274673,0.7061669865121077,10.58633744611764,0.006693436247846629,0.8369502345936617,0.0,0.0,0.6013399226808481,/mnt/e/ns_mc_gan_gi_code/paper/figures/feasible_wrong_candidate_pool/candidates/rank066_u_i1789_j1924_deer_clipped.png
67,590,7,monkey,2714,2.2410312637891472e-15,0.005359381186274673,0.7234789944653484,10.620975850269105,0.0373683631393652,0.9611541158745315,0.0,0.0,0.6093074750479344,/mnt/e/ns_mc_gan_gi_code/paper/figures/feasible_wrong_candidate_pool/candidates/rank067_u_i1789_j590_monkey_clipped.png
68,395,3,cat,590,2.2301125319702355e-15,0.005359381186274673,0.7847901735997332,9.579330572845418,-0.024946259696633555,0.9197537696835644,6.46843460574517e-06,0.024946259696633555,0.6116470079681557,/mnt/e/ns_mc_gan_gi_code/paper/figures/feasible_wrong_candidate_pool/candidates/rank068_u_i1789_j395_cat_clipped.png
69,1892,3,cat,2727,2.1301845353582365e-15,0.005359381186274673,0.7580686439538564,9.891065884104725,-0.017486783449989884,0.8746080171033653,4.94064901947288e-06,0.017486783449989884,0.6119079988552725,/mnt/e/ns_mc_gan_gi_code/paper/figures/feasible_wrong_candidate_pool/candidates/rank069_u_i1789_j1892_cat_clipped.png
70,1984,4,deer,783,2.159259624265953e-15,0.005359381186274673,0.680015040442703,10.6337776179556,0.03650379752644051,0.9132243710755079,0.0,0.0,0.6172383654024176,/mnt/e/ns_mc_gan_gi_code/paper/figures/feasible_wrong_candidate_pool/candidates/rank070_u_i1789_j1984_deer_clipped.png
71,1128,4,deer,7010,2.2278083133207515e-15,0.005359381186274673,0.7337634918036732,10.65572396640002,0.03905778944037086,0.9853434208792252,0.0,0.0,0.6180084978307582,/mnt/e/ns_mc_gan_gi_code/paper/figures/feasible_wrong_candidate_pool/candidates/rank071_u_i1789_j1128_deer_clipped.png
72,397,6,horse,1546,2.333448247078773e-15,0.005359381186274673,0.7773712701438903,9.62411156715347,-0.024575493727282793,0.9374113931922617,2.956858887908569e-05,0.024575493727282793,0.6232504036005863,/mnt/e/ns_mc_gan_gi_code/paper/figures/feasible_wrong_candidate_pool/candidates/rank072_u_i1789_j397_horse_clipped.png
73,848,4,deer,4199,2.183938388142782e-15,0.005359381186274673,0.6995038484474351,10.685699458143008,0.12368538177479566,0.9484192091282578,0.0,0.0,0.6298275998544186,/mnt/e/ns_mc_gan_gi_code/paper/figures/feasible_wrong_candidate_pool/candidates/rank073_u_i1789_j848_deer_clipped.png
74,1508,6,horse,2264,2.247652286283391e-15,0.005359381186274673,0.7821469806527042,9.974449894832533,0.05144740494218461,1.0174420844125027,4.258321389771173e-06,0.017442084412502723,0.6322294204237641,/mnt/e/ns_mc_gan_gi_code/paper/figures/feasible_wrong_candidate_pool/candidates/rank074_u_i1789_j1508_horse_clipped.png
75,293,6,horse,5902,2.245744741053258e-15,0.005359381186274673,0.6752640732232544,10.66610293577462,-0.0011002363795859088,0.910351719578139,2.68612397359841e-07,0.0011002363795859088,0.6399996211564024,/mnt/e/ns_mc_gan_gi_code/paper/figures/feasible_wrong_candidate_pool/candidates/rank075_u_i1789_j293_horse_clipped.png
76,1488,5,dog,2557,1.9218634489578846e-15,0.005359381186274673,0.6710309314847368,10.728194848956036,0.026928290806475963,0.8951277861148658,0.0,0.0,0.6445736009783365,/mnt/e/ns_mc_gan_gi_code/paper/figures/feasible_wrong_candidate_pool/candidates/rank076_u_i1789_j1488_dog_clipped.png
77,1982,1,bird,281,2.385844813377037e-15,0.005359381186274673,0.6886708547453282,10.73553207259164,0.0119901500216264,0.9237388338313188,0.0,0.0,0.6448640312702464,/mnt/e/ns_mc_gan_gi_code/paper/figures/feasible_wrong_candidate_pool/candidates/rank077_u_i1789_j1982_bird_clipped.png
78,513,1,bird,5643,1.9111514810486265e-15,0.005359381186274673,0.6820327459737552,10.555807999872048,-0.004287389260457047,0.8853087285280317,1.0467258936662713e-06,0.004287389260457047,0.6467793800186423,/mnt/e/ns_mc_gan_gi_code/paper/figures/feasible_wrong_candidate_pool/candidates/rank078_u_i1789_j513_bird_clipped.png
79,436,1,bird,304,2.4592320501830445e-15,0.005359381186274673,0.7825057985639144,9.745250947475729,0.16358198428800735,1.0240538754171713,5.872528178020337e-06,0.0240538754171713,0.6475530302433505,/mnt/e/ns_mc_gan_gi_code/paper/figures/feasible_wrong_candidate_pool/candidates/rank079_u_i1789_j436_bird_clipped.png
80,1150,0,airplane,4533,2.338468978093148e-15,0.005359381186274673,0.8616108748866117,9.0383959975453,-0.02447599991949606,1.0171475803892809,1.9465749265212934e-05,0.04162358030877694,0.6541907818602913,/mnt/e/ns_mc_gan_gi_code/paper/figures/feasible_wrong_candidate_pool/candidates/rank080_u_i1789_j1150_airplane_clipped.png
81,1634,4,deer,6113,2.266546829146095e-15,0.005359381186274673,0.6748321121299597,10.769382163363057,0.006665074331037801,0.8367286013904824,0.0,0.0,0.6557259309477799,/mnt/e/ns_mc_gan_gi_code/paper/figures/feasible_wrong_candidate_pool/candidates/rank081_u_i1789_j1634_deer_clipped.png
82,637,4,deer,128,2.621939177592683e-15,0.005359381186274673,0.807467283885493,9.28267971526645,-0.03595154587318175,0.9924521892879012,1.6736671574644938e-05,0.03595154587318175,0.6596126793723152,/mnt/e/ns_mc_gan_gi_code/paper/figures/feasible_wrong_candidate_pool/candidates/rank082_u_i1789_j637_deer_clipped.png
83,1946,6,horse,4295,2.157765345256578e-15,0.005359381186274673,0.6914100976060479,10.292527959570775,0.03983848876750637,1.0117525627736361,2.8692780209072562e-06,0.011752562773636122,0.6619240219844743,/mnt/e/ns_mc_gan_gi_code/paper/figures/feasible_wrong_candidate_pool/candidates/rank083_u_i1789_j1946_horse_clipped.png
84,701,6,horse,6816,2.2716782264901324e-15,0.005359381186274673,0.7413849066990287,10.335464803468588,0.041283351111945005,1.0111854360467636,2.730819347354391e-06,0.011185436046763586,0.6621267216032671,/mnt/e/ns_mc_gan_gi_code/paper/figures/feasible_wrong_candidate_pool/candidates/rank084_u_i1789_j701_horse_clipped.png
85,1940,5,dog,7410,2.5419890077205433e-15,0.005359381186274673,0.821027570975026,9.631911392492567,-0.013699291741188252,1.0144714043082437,1.369399315076688e-05,0.028170696049431926,0.6623062009908113,/mnt/e/ns_mc_gan_gi_code/paper/figures/feasible_wrong_candidate_pool/candidates/rank085_u_i1789_j1940_dog_clipped.png
86,1966,5,dog,162,2.021609809297461e-15,0.005359381186274673,0.6791441794832219,10.573848417684868,0.09577322172491026,1.0052754279514888,1.287946277218953e-06,0.005275427951488831,0.664004964393693,/mnt/e/ns_mc_gan_gi_code/paper/figures/feasible_wrong_candidate_pool/candidates/rank086_u_i1789_j1966_dog_clipped.png
87,1094,0,airplane,5433,2.1813644339391903e-15,0.005359381186274673,0.7046154332474248,10.80996829564227,0.04521185853870835,0.970736729893167,0.0,0.0,0.6641117158742129,/mnt/e/ns_mc_gan_gi_code/paper/figures/feasible_wrong_candidate_pool/candidates/rank087_u_i1789_j1094_airplane_clipped.png
88,1662,5,dog,623,2.526720635592481e-15,0.005359381186274673,0.7913756217379452,9.748455741031103,-0.026129200264071673,0.9329087418809019,8.750616458043963e-06,0.026129200264071673,0.6728126588778596,/mnt/e/ns_mc_gan_gi_code/paper/figures/feasible_wrong_candidate_pool/candidates/rank088_u_i1789_j1662_dog_clipped.png
89,1285,7,monkey,370,2.215915778875992e-15,0.005359381186274673,0.6874902710836561,10.843755351334575,0.021282190093876024,0.8729792889514867,0.0,0.0,0.6752846076844354,/mnt/e/ns_mc_gan_gi_code/paper/figures/feasible_wrong_candidate_pool/candidates/rank089_u_i1789_j1285_monkey_clipped.png
90,1802,6,horse,236,2.7401017939110917e-15,0.005359381186274673,0.950196039586794,8.310431395619142,-0.051151409409827986,0.9496505819692257,1.8937896946872127e-05,0.051151409409827986,0.6764061373177601,/mnt/e/ns_mc_gan_gi_code/paper/figures/feasible_wrong_candidate_pool/candidates/rank090_u_i1789_j1802_horse_clipped.png
91,745,4,deer,3359,1.8035637898561786e-15,0.005359381186274673,0.6317798758058363,10.843693380372471,0.001015470450056788,0.9170967902656559,0.0,0.0,0.6808382953428284,/mnt/e/ns_mc_gan_gi_code/paper/figures/feasible_wrong_candidate_pool/candidates/rank091_u_i1789_j745_deer_clipped.png
92,1813,7,monkey,1809,2.0697150393348563e-15,0.005359381186274673,0.6809248348285355,10.54173368746035,-0.007654446109035512,0.8800998604756001,1.868761257088748e-06,0.007654446109035512,0.6834526900844413,/mnt/e/ns_mc_gan_gi_code/paper/figures/feasible_wrong_candidate_pool/candidates/rank092_u_i1789_j1813_monkey_clipped.png
93,220,1,bird,5856,2.2248050690034e-15,0.005359381186274673,0.6715296430313404,10.881420114744413,0.001450307875615009,0.7709658240883069,0.0,0.0,0.6874268042444217,/mnt/e/ns_mc_gan_gi_code/paper/figures/feasible_wrong_candidate_pool/candidates/rank093_u_i1789_j220_bird_clipped.png
94,545,6,horse,7795,2.199038223586856e-15,0.005359381186274673,0.6773888616403774,10.913647062177379,0.07048506897905725,0.8140223025642855,0.0,0.0,0.6958644276647483,/mnt/e/ns_mc_gan_gi_code/paper/figures/feasible_wrong_candidate_pool/candidates/rank094_u_i1789_j545_horse_clipped.png
95,910,7,monkey,3982,2.4288769822938335e-15,0.005359381186274673,0.7609073981332951,10.809566218393545,0.016323386398560707,1.0033221462661517,8.11070865759688e-07,0.003322146266151682,0.6983330214536945,/mnt/e/ns_mc_gan_gi_code/paper/figures/feasible_wrong_candidate_pool/candidates/rank095_u_i1789_j910_monkey_clipped.png
96,824,1,bird,4708,2.147734356230327e-15,0.005359381186274673,0.6843481601293534,10.941837905039264,0.08783032069001406,0.7776947011480715,0.0,0.0,0.7030619338171786,/mnt/e/ns_mc_gan_gi_code/paper/figures/feasible_wrong_candidate_pool/candidates/rank096_u_i1789_j824_bird_clipped.png
97,1104,5,dog,3081,2.9023862127007632e-15,0.005359381186274673,0.9986231111438681,7.948869830117299,-0.009193361072769857,1.0357519323137452,2.773331916926029e-05,0.04494529338651504,0.7090681412009151,/mnt/e/ns_mc_gan_gi_code/paper/figures/feasible_wrong_candidate_pool/candidates/rank097_u_i1789_j1104_dog_clipped.png
98,1437,1,bird,5718,2.0607821477275342e-15,0.005359381186274673,0.6889337722246696,10.459002178961113,0.021205653446709216,1.0117861839110949,2.8774863064196464e-06,0.011786183911094872,0.7091888745956733,/mnt/e/ns_mc_gan_gi_code/paper/figures/feasible_wrong_candidate_pool/candidates/rank098_u_i1789_j1437_bird_clipped.png
99,1582,4,deer,4642,2.166915948226988e-15,0.005359381186274673,0.6612956323947181,10.970511928958945,0.04158172843279226,0.8476439136251808,0.0,0.0,0.7133959132881529,/mnt/e/ns_mc_gan_gi_code/paper/figures/feasible_wrong_candidate_pool/candidates/rank099_u_i1789_j1582_deer_clipped.png
100,236,4,deer,5873,2.118079287086203e-15,0.005359381186274673,0.7060383602590671,10.441377537907426,-0.007430387952576986,1.0060297233739792,4.072601457084096e-06,0.01346011132655621,0.7227740591008172,/mnt/e/ns_mc_gan_gi_code/paper/figures/feasible_wrong_candidate_pool/candidates/rank100_u_i1789_j236_deer_clipped.png
101,1207,3,cat,1204,2.479205489294538e-15,0.005359381186274673,0.7896968238890946,10.271391405245824,-0.018091774812202532,0.9915389819277836,1.0437287171173467e-05,0.018091774812202532,0.7231558197060124,/mnt/e/ns_mc_gan_gi_code/paper/figures/feasible_wrong_candidate_pool/candidates/rank101_u_i1789_j1207_cat_clipped.png
102,1146,4,deer,6123,2.2745049769213043e-15,0.005359381186274673,0.6746013481172368,11.02559324374361,0.05449037883600985,0.9165427127397734,0.0,0.0,0.7274881098556073,/mnt/e/ns_mc_gan_gi_code/paper/figures/feasible_wrong_candidate_pool/candidates/rank102_u_i1789_j1146_deer_clipped.png
103,1175,5,dog,3392,2.5654284885021324e-15,0.005359381186274673,0.8234061565052649,9.63672553022118,-0.033505577442052153,0.9322228790951641,1.959814469237618e-05,0.033505577442052153,0.7281433758982346,/mnt/e/ns_mc_gan_gi_code/paper/figures/feasible_wrong_candidate_pool/candidates/rank103_u_i1789_j1175_dog_clipped.png
104,1812,5,dog,2,3.0457008728965198e-15,0.005359381186274673,0.9869339793730612,7.986811209864904,0.03153342376582369,1.0480225463481745,1.1724254479534787e-05,0.04802254634817449,0.7322815894716512,/mnt/e/ns_mc_gan_gi_code/paper/figures/feasible_wrong_candidate_pool/candidates/rank104_u_i1789_j1812_dog_clipped.png
105,778,4,deer,5163,2.4411324177793465e-15,0.005359381186274673,0.8522305965882228,9.257307488040382,-0.04384106508539698,0.9884733377846054,1.0703385030614497e-05,0.04384106508539698,0.7419823606400422,/mnt/e/ns_mc_gan_gi_code/paper/figures/feasible_wrong_candidate_pool/candidates/rank105_u_i1789_j778_deer_clipped.png
106,452,0,airplane,1260,2.4120739057496465e-15,0.005359381186274673,0.7536717590245244,10.229410190785039,-0.021403140471607573,0.9418451684675947,1.0722007672023647e-05,0.021403140471607573,0.7547741405164121,/mnt/e/ns_mc_gan_gi_code/paper/figures/feasible_wrong_candidate_pool/candidates/rank106_u_i1789_j452_airplane_clipped.png
107,1374,3,cat,5502,1.956313267228238e-15,0.005359381186274673,0.6276987948181213,11.138776483438104,0.044321003653422786,0.7164235035572728,0.0,0.0,0.7638696722999768,/mnt/e/ns_mc_gan_gi_code/paper/figures/feasible_wrong_candidate_pool/candidates/rank107_u_i1789_j1374_cat_clipped.png
108,764,1,bird,5172,2.1393944194943936e-15,0.005359381186274673,0.7391810804096999,10.08730071831712,-0.025984359490574482,0.9063399032191481,1.1809673918897e-05,0.025984359490574482,0.7715377042641051,/mnt/e/ns_mc_gan_gi_code/paper/figures/feasible_wrong_candidate_pool/candidates/rank108_u_i1789_j764_bird_clipped.png
109,967,7,monkey,1879,2.5119999349741086e-15,0.005359381186274673,0.7956481143166498,9.974074059628569,-0.0292104733152512,0.9872161092355406,7.449166221223854e-06,0.0292104733152512,0.7723776414130155,/mnt/e/ns_mc_gan_gi_code/paper/figures/feasible_wrong_candidate_pool/candidates/rank109_u_i1789_j967_monkey_clipped.png
110,870,3,cat,2222,1.8468167034305148e-15,0.005359381186274673,0.6190699465873286,11.200098491421663,0.01167597487050609,0.7482513947996717,0.0,0.0,0.7819027193584528,/mnt/e/ns_mc_gan_gi_code/paper/figures/feasible_wrong_candidate_pool/candidates/rank110_u_i1789_j870_cat_clipped.png
111,1792,0,airplane,1028,2.6158608107063564e-15,0.005359381186274673,0.8603838044297711,8.659400815044894,0.0036955478821401044,1.0609194384827367,4.999764403775393e-05,0.06091943848273673,0.7834089632660843,/mnt/e/ns_mc_gan_gi_code/paper/figures/feasible_wrong_candidate_pool/candidates/rank111_u_i1789_j1792_airplane_clipped.png
112,150,1,bird,4988,2.348096441995057e-15,0.005359381186274673,0.7230254836327847,10.120879006791142,-0.026441072355139594,0.9614265645915769,6.4553399304540025e-06,0.026441072355139594,0.7873932190106909,/mnt/e/ns_mc_gan_gi_code/paper/figures/feasible_wrong_candidate_pool/candidates/rank112_u_i1789_j150_bird_clipped.png
113,1161,5,dog,7130,2.4393218711656812e-15,0.005359381186274673,0.8469450879098591,9.102446938287864,-0.05120312742265412,0.9680707092809671,1.2500763530921416e-05,0.05120312742265412,0.787710391044296,/mnt/e/ns_mc_gan_gi_code/paper/figures/feasible_wrong_candidate_pool/candidates/rank113_u_i1789_j1161_dog_clipped.png
114,320,0,airplane,2479,2.5453229800550356e-15,0.005359381186274673,0.8111963613417168,9.189549835501252,-0.0488862699022003,0.9984566204609072,1.193512448784187e-05,0.0488862699022003,0.7878039079902434,/mnt/e/ns_mc_gan_gi_code/paper/figures/feasible_wrong_candidate_pool/candidates/rank114_u_i1789_j320_airplane_clipped.png
115,768,5,dog,2030,2.1840592681836178e-15,0.005359381186274673,0.7626714444740361,9.555020972995138,-0.029699068966683256,1.01039961049747,1.2694947301688078e-05,0.040098679464153214,0.7896284116563961,/mnt/e/ns_mc_gan_gi_code/paper/figures/feasible_wrong_candidate_pool/candidates/rank115_u_i1789_j768_dog_clipped.png
116,32,3,cat,2069,2.076544030117395e-15,0.005359381186274673,0.7349848426893367,9.6109221758873,-0.03863025249054894,0.9334026791596166,3.037006066185858e-05,0.03863025249054894,0.7925492985646404,/mnt/e/ns_mc_gan_gi_code/paper/figures/feasible_wrong_candidate_pool/candidates/rank116_u_i1789_j32_cat_clipped.png
117,1213,1,bird,1412,2.4690797963411664e-15,0.005359381186274673,0.7522591422274029,10.272868554422667,-0.023611652713901754,0.828827885082839,1.0964065292473555e-05,0.023611652713901754,0.7936149378366443,/mnt/e/ns_mc_gan_gi_code/paper/figures/feasible_wrong_candidate_pool/candidates/rank117_u_i1789_j1213_bird_clipped.png
118,567,5,dog,1552,1.786087554078787e-15,0.005359381186274673,0.6235477942806473,11.211698145657941,-0.0017426627746638668,0.9099339453491437,4.254547789706706e-07,0.0017426627746638668,0.8056658456447215,/mnt/e/ns_mc_gan_gi_code/paper/figures/feasible_wrong_candidate_pool/candidates/rank118_u_i1789_j567_dog_clipped.png
119,1308,5,dog,7343,2.21523987556871e-15,0.005359381186274673,0.6677405712754686,10.073949309118861,-0.028588570403359048,0.9831976009425026,1.011803857893997e-05,0.028588570403359048,0.8059908953146355,/mnt/e/ns_mc_gan_gi_code/paper/figures/feasible_wrong_candidate_pool/candidates/rank119_u_i1789_j1308_dog_clipped.png
120,1276,4,deer,1223,2.2778051169530953e-15,0.005359381186274673,0.7047511697271579,10.599347726718936,-0.017717174802936886,0.9120544167734024,6.447706597607242e-06,0.017717174802936886,0.8185042053546616,/mnt/e/ns_mc_gan_gi_code/paper/figures/feasible_wrong_candidate_pool/candidates/rank120_u_i1789_j1276_deer_clipped.png
